<?xml version="1.0" encoding="UTF-8"?>
<c3p0-config>
	<default-config>
		<property name="jdbcUrl">jdbc:mysql://localhost:3306/exchange_stage</property>
		<property name="driverClass">com.mysql.jdbc.Driver</property>
		<property name="user">root</property>
		<property name="password">12</property>
		<property name="acquireIncrement">3</property>
		<property name="initialPoolSize">5</property>
		<property name="minPoolSize">2</property>
		<property name="maxPoolSize">8</property>
	</default-config>
</c3p0-config>
